<?xml version="1.0" encoding="UTF-8"?>
<!-- /**
* @author Sachindra Awasthi
* @copyright Copyright (c) 2024 Tech9logy (https://www.tech9logy.com/)
* @package Tech9logy_Tathastu
*/ -->
<csp_whitelist xmlns:xsi="http://www.w3.org/2001/XMLSchema-instance" xsi:noNamespaceSchemaLocation="urn:magento:module:Magento_Csp:etc/csp_whitelist.xsd">
    <policies>
        <policy id="script-src">
            <values>
                <value id="uniqueId" type="host">https://code.tidio.co/</value>
                <value id="uniqueId" type="host">code.tidio.co</value>
            </values>
        </policy>
    </policies>
</csp_whitelist>
