<?xml version="1.0"?>
<!-- /**
  * @author Sachindra Awasthi
  * @copyright Copyright (c) 2023 Tech9logy (https://www.tech9logy.com/)
  * @package Tech9logy_CouponCode
*/ -->
<config xmlns:xsi="http://www.w3.org/2001/XMLSchema-instance" xsi:noNamespaceSchemaLocation="urn:magento:framework:ObjectManager/etc/config.xsd">
	<type name="Magento\Framework\App\RouterList">
		<arguments>
			<argument name="routerList" xsi:type="array">
				<item name="tech9logycouponcode" xsi:type="array">
					<item name="class" xsi:type="string">Tech9logy\CouponCode\Controller\Router</item>
					<item name="disable" xsi:type="boolean">false</item>
					<item name="sortOrder" xsi:type="string">0</item>
				</item>
			</argument>
		</arguments>
	</type>
</config>