<?xml version="1.0"?>
<!-- /**
  * @author Sachindra Awasthi
  * @copyright Copyright (c) 2023 Tech9logy (https://www.tech9logy.com/)
  * @package Tech9logy_CouponCode
*/ -->
<config xmlns:xsi="http://www.w3.org/2001/XMLSchema-instance" xsi:noNamespaceSchemaLocation="urn:magento:framework:Acl/etc/acl.xsd">
    <acl>
        <resources>
            <resource id="Magento_Backend::admin">
                <resource id="Magento_Backend::couponcode_elements" title="Tech9logy CouponCode">
                    <resource id="Tech9logy_CouponCode::rule" title="Rule" sortOrder="10">
                        <resource id="Tech9logy_CouponCode::rule_edit" title="Edit Rule" sortOrder="10" />
                        <resource id="Tech9logy_CouponCode::rule_save" title="Save Rule" sortOrder="20" />
                        <resource id="Tech9logy_CouponCode::rule_delete" title="Delete Rule" sortOrder="30" />
                    </resource>
                    <resource id="Tech9logy_CouponCode::generate" title="Generation" sortOrder="20"/>
                    <resource id="Tech9logy_CouponCode::coupon" title="List Coupons" sortOrder="30">
                        <resource id="Tech9logy_CouponCode::coupon_delete" title="Delete Coupon" sortOrder="10" />
                        <resource id="Tech9logy_CouponCode::coupon_save" title="Save Coupon" sortOrder="20" />
                        <resource id="Tech9logy_CouponCode::coupon_edit" title="Edit Coupon" sortOrder="30" />
                        <resource id="Tech9logy_CouponCode::coupon_import" title="Import Coupon" sortOrder="40" />
                    </resource>
                    <resource id="Tech9logy_CouponCode::log" title="Logs Coupons" sortOrder="35">
                        <resource id="Tech9logy_CouponCode::log_delete" title="Delete Coupon Log" sortOrder="10" />
                        <resource id="Tech9logy_CouponCode::log_save" title="Save Coupon Log" sortOrder="20" />
                        <resource id="Tech9logy_CouponCode::log_edit" title="Edit Coupon Log" sortOrder="30" />
                    </resource>
                    <resource id="Tech9logy_CouponCode::report" title="Report Sales By Coupons" sortOrder="40"/>
                </resource>
                <resource id="Magento_Backend::stores">
                    <resource id="Magento_Backend::stores_settings">
                        <resource id="Magento_Config::config">
                            <resource id="Tech9logy_CouponCode::config_couponcode" title="Tech9logy Coupon Code" />
                        </resource>
                    </resource>
                </resource>
            </resource>
        </resources>
    </acl>
</config>
