<?xml version="1.0" ?>
<!-- /**
  * @author Sachindra Awasthi
  * @copyright Copyright (c) 2023 Tech9logy (https://www.tech9logy.com/)
  * @package Tech9logy_CouponCode
*/ -->
<routes xmlns:xsi="http://www.w3.org/2001/XMLSchema-instance" xsi:noNamespaceSchemaLocation="urn:magento:module:Magento_Webapi:etc/webapi.xsd">
	<route method="GET" url="/V1/tech9logy-couponcode/generatecoupon">
		<service class="Tech9logy\CouponCode\Api\CouponRepositoryInterface" method="save"/>
		<resources>
			<resource ref="Tech9logy_CouponCode::coupon_save"/>
		</resources>
	</route>
	<route method="GET" url="/V1/tech9logy-couponcode/search">
		<service class="Tech9logy\CouponCode\Api\CouponRepositoryInterface" method="getList"/>
		<resources>
			<resource ref="Tech9logy_CouponCode::coupon"/>
		</resources>
	</route>
	<route method="GET" url="/V1/tech9logy-couponcode/:couponId">
		<service class="Tech9logy\CouponCode\Api\CouponRepositoryInterface" method="getById"/>
		<resources>
			<resource ref="Tech9logy_CouponCode::coupon"/>
		</resources>
	</route>
	<route method="PUT" url="/V1/tech9logy-couponcode/:couponId">
		<service class="Tech9logy\CouponCode\Api\CouponRepositoryInterface" method="save"/>
		<resources>
			<resource ref="Tech9logy_CouponCode::coupon_save"/>
		</resources>
	</route>
	<route method="DELETE" url="/V1/tech9logy-couponcode/:couponId">
		<service class="Tech9logy\CouponCode\Api\CouponRepositoryInterface" method="deleteById"/>
		<resources>
			<resource ref="Tech9logy_CouponCode::coupon_delete"/>
		</resources>
	</route>
	<route method="POST" url="/V1/tech9logy-couponcode/rule">
		<service class="Tech9logy\CouponCode\Api\RuleRepositoryInterface" method="save"/>
		<resources>
			<resource ref="anonymous"/>
		</resources>
	</route>
	<route method="GET" url="/V1/tech9logy-couponcode/:ruleId">
		<service class="Tech9logy\CouponCode\Api\RuleRepositoryInterface" method="getById"/>
		<resources>
			<resource ref="Tech9logy_CouponCode::rule"/>
		</resources>
	</route>
	<route method="PUT" url="/V1/tech9logy-couponcode/:ruleId">
		<service class="Tech9logy\CouponCode\Api\RuleRepositoryInterface" method="save"/>
		<resources>
			<resource ref="Tech9logy_CouponCode::rule_save"/>
		</resources>
	</route>
	<route method="DELETE" url="/V1/tech9logy-couponcode/rule/:ruleId">
		<service class="Tech9logy\CouponCode\Api\RuleRepositoryInterface" method="deleteById"/>
		<resources>
			<resource ref="Tech9logy_CouponCode::rule_delete"/>
		</resources>
	</route>
	<route method="GET" url="/V1/tech9logy-couponcode/coupon/:alias">
		<service class="Tech9logy\CouponCode\Api\CouponManagementInterface" method="getCouponAlias"/>
		<resources>
			<resource ref="anonymous"/>
		</resources>
	</route>
	<route method="GET" url="/V1/tech9logy-couponcode/listcoupon">
		<service class="Tech9logy\CouponCode\Api\CouponManagementInterface" method="getCouponByConditions"/>
		<resources>
			<resource ref="anonymous"/>
		</resources>
	</route>
	<route method="PUT" url="/V1/tech9logy-couponcode/coupon">
		<service class="Tech9logy\CouponCode\Api\CouponManagementInterface" method="putCoupon"/>
		<resources>
			<resource ref="anonymous"/>
		</resources>
	</route>
	<route method="GET" url="/V1/tech9logy-couponcode/rule">
		<service class="Tech9logy\CouponCode\Api\RuleManagementInterface" method="getRule"/>
		<resources>
			<resource ref="anonymous"/>
		</resources>
	</route>
	<route method="DELETE" url="/V1/tech9logy-couponcode/rule">
		<service class="Tech9logy\CouponCode\Api\RuleManagementInterface" method="deleteRule"/>
		<resources>
			<resource ref="anonymous"/>
		</resources>
	</route>
	<route method="PUT" url="/V1/tech9logy-couponcode/rule">
		<service class="Tech9logy\CouponCode\Api\RuleManagementInterface" method="putRule"/>
		<resources>
			<resource ref="anonymous"/>
		</resources>
	</route>
</routes>
