<?xml version="1.0"?>
<!-- /**
* @author Sachindra Awasthi
* @copyright Copyright (c) 2024 Tech9logy (https://www.tech9logy.com/)
* @package Tech9logy_Tathastu
*/ -->
<config xmlns:xsi="http://www.w3.org/2001/XMLSchema-instance" xsi:noNamespaceSchemaLocation="urn:magento:module:Magento_Config:etc/system_file.xsd">
    <system>
        <tab id="tech9logy" translate="label" class="vendor" sortOrder="100">
            <label>tech9logy</label>
        </tab>
        <section id="extension" translate="label" type="text" sortOrder="40" showInDefault="1" showInWebsite="1" showInStore="1">
            <class>separator-top</class>
            <label>Tathastu</label>
            <tab>tech9logy</tab>
            <resource>Tech9logy_Tathastu::config_tathastu</resource>
            <group id="general" translate="label" type="text" sortOrder="10" showInDefault="1" showInWebsite="1" showInStore="1">
                <label>Configuration</label>
                <field id="enable" translate="label comment" type="select" sortOrder="10" showInDefault="1" showInWebsite="1" showInStore="1">
                    <label>Enable Module</label>
                    <source_model>Magento\Config\Model\Config\Source\Enabledisable</source_model>
                </field>
            </group>
        </section>
    </system>
</config>
